{"cameraMode":{"drawMode":0,"name":"Shaded","section":"Shading Mode"},"sceneLighting":false,"audioPlay":false,"sceneViewState":{"showFog":true,"showMaterialUpdate":false,"showSkybox":true,"showFlares":true,"showImageEffects":true,"showParticleSystems":true},"in2DMode":false,"pivot":{"x":7.278984069824219,"y":2.48067307472229,"z":1.0711476802825928},"rotation":{"x":0.11094076186418534,"y":-0.7116816639900208,"z":0.11546144634485245,"w":0.6840583086013794},"size":5.050019264221191,"orthographic":false}